Month,rr
01,10.106601466992666
02,10.926685393258428
03,10.35408
04,11.079383429672447
05,10.573581213307241
06,11.09063670411985
07,10.94120481927711
08,10.706355932203389
09,11.27682619647355
10,10.543693693693692
11,10.622145328719723
12,10.593895870736086
